{
    "uvs": [],
    "vertices": [-11.9045,-8.36256,11.5943,-11.8045,-7.85948,11.8567,-11.9045,-8.36256,-17.2348,-11.8045,-7.85948,-16.9723,13.5901,-8.36256,11.5943,14.69,-7.85948,11.5943,13.5901,-8.36256,-17.2348,14.69,-7.85948,-17.2348,15.9265,20.808,-16.0639,15.5846,-7.73826,-16.7888,15.9265,20.808,12.7652,15.5846,-7.73826,12.0403,-12.5475,-7.51643,11.4066,-14.0735,21.6374,11.5943,-14.0735,21.6374,-17.2348,-13.083,-8.00661,-17.2348],
    "faces": [33,2,0,12,15,0,1,2,3,33,3,7,6,2,4,5,6,0,33,4,6,9,11,7,6,8,9,33,0,4,5,1,1,7,10,11,33,0,2,6,4,1,0,6,7,33,5,7,3,1,10,5,4,11,33,8,10,11,9,12,13,9,8,33,5,4,11,10,10,7,9,13,33,7,5,10,8,5,10,13,12,33,6,7,8,9,6,5,12,8,33,13,14,15,12,14,15,3,2,33,3,2,15,14,4,0,3,15,33,1,3,14,13,11,4,15,14,33,0,1,13,12,1,11,14,2],
    "name": "Cube.001Geometry",
    "normals": [-0.15247,-0.660176,-0.735435,-0.32313,-0.768731,0.551927,-0.820795,-0.341472,0.457869,-0.668355,-0.439833,-0.599811,0.401318,0.42143,-0.813196,-0.213294,0.598468,-0.77221,0.139164,-0.601215,-0.786859,0.088992,-0.810114,0.579455,0.771386,-0.454115,-0.445784,0.477004,-0.541154,0.692496,-0.679525,0.415143,0.604846,0.046907,0.280038,0.958831,0.024873,0.850703,-0.52501,0.021485,0.836238,0.547899,-0.047731,0.800928,0.59682,-0.051881,0.882534,-0.467299],
    "metadata": {
        "type": "Geometry",
        "uvs": 0,
        "generator": "io_three",
        "vertices": 16,
        "faces": 14,
        "normals": 16,
        "version": 3
    }
}