{
    "vertices": [1,-1,-1,1,-1,1,-1,-1,1,-1,-1,-1,1,1,-1,0.999999,1,1,-1,1,1,-1,1,-1],
    "faces": [41,0,1,2,3,0,1,2,3,0,1,2,3,41,4,7,6,5,4,5,6,7,4,5,6,7,41,0,4,5,1,8,9,10,11,0,4,7,1,41,1,5,6,2,12,13,14,15,1,7,6,2,41,2,6,7,3,16,17,18,19,2,6,5,3,41,4,0,3,7,20,21,22,23,4,0,3,5],
    "normals": [0.577349,-0.577349,-0.577349,0.577349,-0.577349,0.577349,-0.577349,-0.577349,0.577349,-0.577349,-0.577349,-0.577349,0.577349,0.577349,-0.577349,-0.577349,0.577349,-0.577349,-0.577349,0.577349,0.577349,0.577349,0.577349,0.577349],
    "metadata": {
        "vertices": 8,
        "faces": 6,
        "version": 3,
        "normals": 8,
        "uvs": 1,
        "generator": "io_three",
        "type": "Geometry"
    },
    "name": "CubeGeometry",
    "uvs": [[0.666866,0.333133,0.9998,0.333134,0.9998,0.0002,0.666866,0.0002,0.0002,0.333134,0.0002,0.0002,0.333134,0.0002,0.333134,0.333134,0.333533,0.666467,0.333533,0.333533,0.666467,0.333533,0.666467,0.666467,0.333533,0.333134,0.333533,0.0002,0.666467,0.0002,0.666467,0.333134,0.333134,0.666866,0.0002,0.666866,0.0002,0.9998,0.333134,0.9998,0.0002,0.666467,0.333134,0.666467,0.333134,0.333533,0.0002,0.333533]]
}